part,label,quantity,m3_holes,policy,valid,solids,details
B01_BASE_LOWER,J1 lower base with towers,1,8,INSERT_POSITIVE,True,1,"[{""axis"": 2, ""span"": 14.0, ""mode"": ""INSERT_POSITIVE""}, {""axis"": 2, ""span"": 14.0, ""mode"": ""INSERT_POSITIVE""}, {""axis"": 2, ""span"": 14.0, ""mode"": ""INSERT_POSITIVE""}, {""axis"": 2, ""span"": 14.0, ""mode"": ""INSERT_POSITIVE""}, {""axis"": 2, ""span"": 28.0, ""mode"": ""INSERT_POSITIVE""}, {""axis"": 2, ""span"": 28.0, ""mode"": ""INSERT_POSITIVE""}, {""axis"": 2, ""span"": 28.0, ""mode"": ""INSERT_POSITIVE""}, {""axis"": 2, ""span"": 28.0, ""mode"": ""INSERT_POSITIVE""}]"
B02_BASE_UPPER,J1 upper bearing bridge,1,8,HEAD_SIDE,True,1,"[{""axis"": 2, ""span"": 8.0, ""mode"": ""HEAD_SIDE""}, {""axis"": 2, ""span"": 8.0, ""mode"": ""HEAD_SIDE""}, {""axis"": 2, ""span"": 8.0, ""mode"": ""HEAD_SIDE""}, {""axis"": 2, ""span"": 8.0, ""mode"": ""HEAD_SIDE""}, {""axis"": 2, ""span"": 12.0, ""mode"": ""HEAD_SIDE""}, {""axis"": 2, ""span"": 12.0, ""mode"": ""HEAD_SIDE""}, {""axis"": 2, ""span"": 12.0, ""mode"": ""HEAD_SIDE""}, {""axis"": 2, ""span"": 12.0, ""mode"": ""HEAD_SIDE""}]"
B03_J1_TURNTABLE,J1 turntable,1,8,INSERT_POSITIVE,True,1,"[{""axis"": 2, ""span"": 8.0, ""mode"": ""INSERT_POSITIVE""}, {""axis"": 2, ""span"": 8.0, ""mode"": ""INSERT_POSITIVE""}, {""axis"": 2, ""span"": 8.0, ""mode"": ""INSERT_POSITIVE""}, {""axis"": 2, ""span"": 8.0, ""mode"": ""INSERT_POSITIVE""}, {""axis"": 2, ""span"": 8.0, ""mode"": ""INSERT_POSITIVE""}, {""axis"": 2, ""span"": 8.0, ""mode"": ""INSERT_POSITIVE""}, {""axis"": 2, ""span"": 8.0, ""mode"": ""INSERT_POSITIVE""}, {""axis"": 2, ""span"": 8.0, ""mode"": ""INSERT_POSITIVE""}]"
B04_SHOULDER_YOKE_PLATE,Shoulder yoke side plate,1,8,HEAD_SIDE,True,1,"[{""axis"": 2, ""span"": 6.0, ""mode"": ""HEAD_SIDE""}, {""axis"": 2, ""span"": 6.0, ""mode"": ""HEAD_SIDE""}, {""axis"": 2, ""span"": 6.0, ""mode"": ""HEAD_SIDE""}, {""axis"": 2, ""span"": 6.0, ""mode"": ""HEAD_SIDE""}, {""axis"": 2, ""span"": 6.0, ""mode"": ""HEAD_SIDE""}, {""axis"": 2, ""span"": 6.0, ""mode"": ""HEAD_SIDE""}, {""axis"": 2, ""span"": 6.0, ""mode"": ""HEAD_SIDE""}, {""axis"": 2, ""span"": 6.0, ""mode"": ""HEAD_SIDE""}]"
B05_UPPER_ARM_PLATE,Upper arm side plate,1,10,HEAD_SIDE,True,1,"[{""axis"": 2, ""span"": 5.5, ""mode"": ""HEAD_SIDE""}, {""axis"": 2, ""span"": 5.5, ""mode"": ""HEAD_SIDE""}, {""axis"": 2, ""span"": 5.5, ""mode"": ""HEAD_SIDE""}, {""axis"": 2, ""span"": 5.5, ""mode"": ""HEAD_SIDE""}, {""axis"": 2, ""span"": 5.5, ""mode"": ""HEAD_SIDE""}, {""axis"": 2, ""span"": 5.5, ""mode"": ""HEAD_SIDE""}, {""axis"": 2, ""span"": 5.5, ""mode"": ""HEAD_SIDE""}, {""axis"": 2, ""span"": 5.5, ""mode"": ""HEAD_SIDE""}, {""axis"": 2, ""span"": 5.5, ""mode"": ""HEAD_SIDE""}, {""axis"": 2, ""span"": 5.5, ""mode"": ""HEAD_SIDE""}]"
B06_FOREARM_PLATE,Forearm side plate,1,10,HEAD_SIDE,True,1,"[{""axis"": 2, ""span"": 5.5, ""mode"": ""HEAD_SIDE""}, {""axis"": 2, ""span"": 5.5, ""mode"": ""HEAD_SIDE""}, {""axis"": 2, ""span"": 5.5, ""mode"": ""HEAD_SIDE""}, {""axis"": 2, ""span"": 5.5, ""mode"": ""HEAD_SIDE""}, {""axis"": 2, ""span"": 5.5, ""mode"": ""HEAD_SIDE""}, {""axis"": 2, ""span"": 5.5, ""mode"": ""HEAD_SIDE""}, {""axis"": 2, ""span"": 5.5, ""mode"": ""HEAD_SIDE""}, {""axis"": 2, ""span"": 5.5, ""mode"": ""HEAD_SIDE""}, {""axis"": 2, ""span"": 5.5, ""mode"": ""HEAD_SIDE""}, {""axis"": 2, ""span"": 5.5, ""mode"": ""HEAD_SIDE""}]"
B07_WRIST_PITCH_PLATE,Wrist pitch side plate,1,10,HEAD_SIDE,True,1,"[{""axis"": 2, ""span"": 5.5, ""mode"": ""HEAD_SIDE""}, {""axis"": 2, ""span"": 5.5, ""mode"": ""HEAD_SIDE""}, {""axis"": 2, ""span"": 5.5, ""mode"": ""HEAD_SIDE""}, {""axis"": 2, ""span"": 5.5, ""mode"": ""HEAD_SIDE""}, {""axis"": 2, ""span"": 5.5, ""mode"": ""HEAD_SIDE""}, {""axis"": 2, ""span"": 5.5, ""mode"": ""HEAD_SIDE""}, {""axis"": 2, ""span"": 5.5, ""mode"": ""HEAD_SIDE""}, {""axis"": 2, ""span"": 5.5, ""mode"": ""HEAD_SIDE""}, {""axis"": 2, ""span"": 5.5, ""mode"": ""HEAD_SIDE""}, {""axis"": 2, ""span"": 5.5, ""mode"": ""HEAD_SIDE""}]"
B08_J5_BEARING_CARRIER,J5 two-bearing roll carrier,1,8,INSERT_BOTH,True,1,"[{""axis"": 0, ""span"": 44.0, ""mode"": ""INSERT_BOTH""}, {""axis"": 0, ""span"": 44.0, ""mode"": ""INSERT_BOTH""}, {""axis"": 0, ""span"": 44.0, ""mode"": ""INSERT_BOTH""}, {""axis"": 0, ""span"": 44.0, ""mode"": ""INSERT_BOTH""}, {""axis"": 1, ""span"": 34.0, ""mode"": ""INSERT_BOTH""}, {""axis"": 1, ""span"": 34.0, ""mode"": ""INSERT_BOTH""}, {""axis"": 1, ""span"": 34.0, ""mode"": ""INSERT_BOTH""}, {""axis"": 1, ""span"": 34.0, ""mode"": ""INSERT_BOTH""}]"
B09_M5_SPLIT_FLANGE_HUB,M5 split flange hub,1,5,INSERT_POSITIVE,True,1,"[{""axis"": 2, ""span"": 4.0, ""mode"": ""INSERT_POSITIVE_SKIPPED_THIN""}, {""axis"": 2, ""span"": 4.0, ""mode"": ""INSERT_POSITIVE_SKIPPED_THIN""}, {""axis"": 2, ""span"": 4.0, ""mode"": ""INSERT_POSITIVE_SKIPPED_THIN""}, {""axis"": 1, ""span"": 17.964, ""mode"": ""INSERT_POSITIVE""}, {""axis"": 2, ""span"": 4.0, ""mode"": ""INSERT_POSITIVE_SKIPPED_THIN""}]"
B10_F695ZZ_RETAINER,F695ZZ retainer ring,1,4,HEAD_SIDE,True,1,"[{""axis"": 2, ""span"": 2.2, ""mode"": ""HEAD_SIDE""}, {""axis"": 2, ""span"": 2.2, ""mode"": ""HEAD_SIDE""}, {""axis"": 2, ""span"": 2.2, ""mode"": ""HEAD_SIDE""}, {""axis"": 2, ""span"": 2.2, ""mode"": ""HEAD_SIDE""}]"
B11_LINK_SPACER_28,28 mm link spacer,1,1,INSERT_BOTH,True,1,"[{""axis"": 2, ""span"": 28.0, ""mode"": ""INSERT_BOTH""}]"
B12_YOKE_SPACER_38,38 mm yoke spacer,1,1,INSERT_BOTH,True,1,"[{""axis"": 2, ""span"": 38.0, ""mode"": ""INSERT_BOTH""}]"
B13_FIXED_GRIPPER_PALM,Fixed gripper palm,1,8,INSERT_POSITIVE,True,1,"[{""axis"": 2, ""span"": 8.0, ""mode"": ""INSERT_POSITIVE""}, {""axis"": 2, ""span"": 8.0, ""mode"": ""INSERT_POSITIVE""}, {""axis"": 2, ""span"": 8.0, ""mode"": ""INSERT_POSITIVE""}, {""axis"": 2, ""span"": 8.0, ""mode"": ""INSERT_POSITIVE""}, {""axis"": 2, ""span"": 8.0, ""mode"": ""INSERT_POSITIVE""}, {""axis"": 2, ""span"": 8.0, ""mode"": ""INSERT_POSITIVE""}, {""axis"": 2, ""span"": 8.0, ""mode"": ""INSERT_POSITIVE""}, {""axis"": 2, ""span"": 8.0, ""mode"": ""INSERT_POSITIVE""}]"
B14_FIXED_GRIPPER_FINGER,Fixed gripper finger,1,2,HEAD_SIDE,True,1,"[{""axis"": 2, ""span"": 10.0, ""mode"": ""HEAD_SIDE""}, {""axis"": 2, ""span"": 10.0, ""mode"": ""HEAD_SIDE""}]"
B16_J1_OUTPUT_GEAR_75T,J1 75T output gear,1,4,HEAD_SIDE,True,1,"[{""axis"": 2, ""span"": 14.0, ""mode"": ""HEAD_SIDE""}, {""axis"": 2, ""span"": 14.0, ""mode"": ""HEAD_SIDE""}, {""axis"": 2, ""span"": 14.0, ""mode"": ""HEAD_SIDE""}, {""axis"": 2, ""span"": 14.0, ""mode"": ""HEAD_SIDE""}]"
B18_J4_OUTPUT_GEAR_36T,J4 36T output gear,1,3,HEAD_SIDE,True,1,"[{""axis"": 2, ""span"": 10.0, ""mode"": ""HEAD_SIDE""}, {""axis"": 2, ""span"": 10.0, ""mode"": ""HEAD_SIDE""}, {""axis"": 2, ""span"": 10.0, ""mode"": ""HEAD_SIDE""}]"
B19_MG90S_ADJUSTABLE_BASE,MG90S adjustable base,1,0,HEAD_SIDE,True,1,[]
B20_MG90S_SLIDING_JAW,MG90S sliding jaw,1,0,INSERT_POSITIVE,True,1,[]
B21_MG90S_CABLE_STOP,MG90S cable stop,1,0,INSERT_POSITIVE,True,1,[]
B22_MG996R_ADJUSTABLE_BASE,MG996R adjustable base,1,0,HEAD_SIDE,True,1,[]
B23_MG996R_SLIDING_JAW,MG996R sliding jaw,1,0,INSERT_POSITIVE,True,1,[]
B24_SERVO_EAR_CLAMP,Servo ear clamp,1,4,HEAD_SIDE,True,1,"[{""axis"": 2, ""span"": 5.0, ""mode"": ""HEAD_SIDE""}, {""axis"": 2, ""span"": 5.0, ""mode"": ""HEAD_SIDE""}, {""axis"": 2, ""span"": 5.0, ""mode"": ""HEAD_SIDE""}, {""axis"": 2, ""span"": 5.0, ""mode"": ""HEAD_SIDE""}]"
B25_PRINTED_SHAFT_J1,J1 temporary printed shaft 4.8 x 52 mm,1,0,HEAD_SIDE,True,1,[]
B26_PRINTED_SHAFT_J2,J2 temporary printed shaft 4.8 x 64 mm,1,0,HEAD_SIDE,True,1,[]
B27_PRINTED_SHAFT_J3,J3 temporary printed shaft 4.8 x 53 mm,1,0,HEAD_SIDE,True,1,[]
B28_PRINTED_SHAFT_J4,J4 temporary printed shaft 4.8 x 53 mm,1,0,HEAD_SIDE,True,1,[]
B29_PRINTED_SHAFT_J5,J5 temporary printed shaft 4.8 x 48 mm,1,0,HEAD_SIDE,True,1,[]
B30_SHOULDER_FOOT_BRACKET,Shoulder yoke adjustable foot bracket,1,4,INSERT_BOTH,True,1,"[{""axis"": 1, ""span"": 4.0, ""mode"": ""INSERT_BOTH_SKIPPED_THIN""}, {""axis"": 1, ""span"": 4.0, ""mode"": ""INSERT_BOTH_SKIPPED_THIN""}, {""axis"": 2, ""span"": 4.0, ""mode"": ""INSERT_BOTH_SKIPPED_THIN""}, {""axis"": 2, ""span"": 4.0, ""mode"": ""INSERT_BOTH_SKIPPED_THIN""}]"
B31_J4_GEAR_SPLIT_HUB,J4 output gear split clamp hub,1,4,INSERT_POSITIVE,True,1,"[{""axis"": 1, ""span"": 14.7, ""mode"": ""INSERT_POSITIVE""}, {""axis"": 2, ""span"": 8.0, ""mode"": ""INSERT_POSITIVE""}, {""axis"": 2, ""span"": 8.0, ""mode"": ""INSERT_POSITIVE""}, {""axis"": 2, ""span"": 8.0, ""mode"": ""INSERT_POSITIVE""}]"
B32_MG996R_AXIS_ANCHOR,MG996R coaxial servo anchor frame,1,4,HEAD_SIDE,True,1,"[{""axis"": 2, ""span"": 4.0, ""mode"": ""HEAD_SIDE""}, {""axis"": 2, ""span"": 4.0, ""mode"": ""HEAD_SIDE""}, {""axis"": 2, ""span"": 4.0, ""mode"": ""HEAD_SIDE""}, {""axis"": 2, ""span"": 4.0, ""mode"": ""HEAD_SIDE""}]"
B33_MG90S_AXIS_ANCHOR,MG90S coaxial servo anchor frame,1,4,HEAD_SIDE,True,1,"[{""axis"": 2, ""span"": 4.0, ""mode"": ""HEAD_SIDE""}, {""axis"": 2, ""span"": 4.0, ""mode"": ""HEAD_SIDE""}, {""axis"": 2, ""span"": 4.0, ""mode"": ""HEAD_SIDE""}, {""axis"": 2, ""span"": 4.0, ""mode"": ""HEAD_SIDE""}]"
B34_M4_STANDOFF_38,M4 servo standoff 38 mm,1,0,CLEARANCE_ONLY,True,1,[]
B35_M4_STANDOFF_32,M4 servo standoff 32 mm,1,0,CLEARANCE_ONLY,True,1,[]
B36_M4_STANDOFF_12,M4 servo standoff 12 mm,1,0,CLEARANCE_ONLY,True,1,[]
B37_M4_STANDOFF_5,M4 servo standoff 5 mm,1,0,CLEARANCE_ONLY,True,1,[]
B38_M5_SPLIT_SHAFT_COLLAR,M5/printed-shaft split axial collar,1,1,INSERT_POSITIVE,True,1,"[{""axis"": 1, ""span"": 10.2, ""mode"": ""INSERT_POSITIVE""}]"
B39_MG90S_HORN_WASHER,MG90S horn clamping washer,1,0,CLEARANCE_ONLY,True,1,[]
B40_J1_HORN_DRIVEN_PINION,J1 12T pinion with cross-horn drive socket,1,0,HEAD_SIDE,True,1,[]
B41_J4_HORN_DRIVEN_PINION,J4 12T pinion with hollow cross-horn bridge,1,0,HEAD_SIDE,True,1,[]
B42_J1_RISER_POST_36,J1 upper bridge riser post 36 mm,4,1,CLEARANCE_ONLY,True,1,"[{""axis"": 2, ""span"": 36.0, ""mode"": ""CLEARANCE_ONLY""}]"
B43_PRINTED_SHAFT_J1_88,J1 printed shaft 4.8 x 88 mm,1,0,HEAD_SIDE,True,1,[]
